{
  "projects": {
    "precision": 0.9983766233766234,
    "recall": 0.9983766233766234,
    "f1-score": 0.9983766233766234,
    "support": 616,
    "confused_with": {}
  },
  "phoneNumber": {
    "precision": 1.0,
    "recall": 1.0,
    "f1-score": 1.0,
    "support": 19,
    "confused_with": {}
  },
  "name": {
    "precision": 1.0,
    "recall": 1.0,
    "f1-score": 1.0,
    "support": 313,
    "confused_with": {}
  },
  "micro avg": {
    "precision": 0.9989451476793249,
    "recall": 0.9989451476793249,
    "f1-score": 0.9989451476793249,
    "support": 948
  },
  "macro avg": {
    "precision": 0.9994588744588745,
    "recall": 0.9994588744588745,
    "f1-score": 0.9994588744588745,
    "support": 948
  },
  "weighted avg": {
    "precision": 0.9989451476793249,
    "recall": 0.9989451476793249,
    "f1-score": 0.9989451476793249,
    "support": 948
  },
  "accuracy": 0.99977347377959
}